,EI,admission,labs,comorbidities,vitals
EI,-1.0,0.0016818820412335324,0.038118057807282155,0.0009128869759883774,0.0009128869759883774
