Outcome,EI,admission,comorbidities,labs,vitals
"Mortality
after
5 days",0.5811036789297659,0.5267993874425728,0.4789699570815451,0.5692821368948248,0.4873294346978558
"Mortality
within
0-3 days",0.8092691622103386,0.683206106870229,0.4447852760736196,0.7647058823529411,0.6432748538011694
"Mortality
within
3-5 days",0.70509977827051,0.6195652173913044,0.3839009287925697,0.6868686868686869,0.4844124700239808
