,EI,admission,labs,comorbidities,vitals
EI,-1.0,0.000768236544879598,0.013911329732353032,0.0001421052657720031,0.0007202617099102229
