,EI,admission,labs,comorbidities,vitals
EI,-1.0,0.0012094117598177734,0.03064117265922526,0.0001421052657720031,0.0002071994042470659
