,EI,admission,labs,comorbidities,vitals
EI,-1.0,0.0006085913173255849,0.00827008592798652,0.0001421052657720031,0.0004429472952323059
