,EI,admission,comorbidities,labs,vitals
EI,-1.0,0.18348901604988951,0.09906922687125341,0.25634538013096164,0.12663045794761718
