Outcome,EI,admission,comorbidities,labs,vitals
"Mortality
after
5 days",0.7478299780148946,0.6794329914706999,0.5466806519562141,0.7256707759245831,0.6250094961842605
"Mortality
within
0-3 days",0.9473860098882988,0.884338948910456,0.6439411279985351,0.930479765610694,0.8293627540743453
"Mortality
within
3-5 days",0.8910745895664851,0.8261384540626844,0.546640172156468,0.8744923813821109,0.704991149213842
